{
	"info": {
		"_postman_id": "309d82cf-9f60-4b88-80e6-faa8bce71f15",
		"name": "Category",
		"schema": "https://schema.getpostman.com/json/collection/v2.1.0/collection.json",
		"_exporter_id": "13585921"
	},
	"item": [
		{
			"name": "Index",
			"request": {
				"method": "GET",
				"header": [],
				"url": {
					"raw": "{{HOST}}/api/v1/categories",
					"host": [
						"{{HOST}}"
					],
					"path": [
						"api",
						"v1",
						"categories"
					]
				}
			},
			"response": [
				{
					"name": "Success",
					"originalRequest": {
						"method": "GET",
						"header": [],
						"url": {
							"raw": "{{HOST}}/api/v1/categories",
							"host": [
								"{{HOST}}"
							],
							"path": [
								"api",
								"v1",
								"categories"
							]
						}
					},
					"status": "OK",
					"code": 200,
					"_postman_previewlanguage": "json",
					"header": [
						{
							"key": "Date",
							"value": "Wed, 03 Aug 2022 15:30:42 GMT"
						},
						{
							"key": "Server",
							"value": "Apache/2.4.47 (Win64) OpenSSL/1.1.1k PHP/7.4.19"
						},
						{
							"key": "X-Powered-By",
							"value": "PHP/7.4.19"
						},
						{
							"key": "Cache-Control",
							"value": "no-cache, private"
						},
						{
							"key": "X-RateLimit-Limit",
							"value": "60"
						},
						{
							"key": "X-RateLimit-Remaining",
							"value": "59"
						},
						{
							"key": "Access-Control-Allow-Origin",
							"value": "*"
						},
						{
							"key": "Keep-Alive",
							"value": "timeout=5, max=100"
						},
						{
							"key": "Connection",
							"value": "Keep-Alive"
						},
						{
							"key": "Transfer-Encoding",
							"value": "chunked"
						},
						{
							"key": "Content-Type",
							"value": "application/json"
						}
					],
					"cookie": [],
					"body": "{\n    \"message\": \"Success\",\n    \"data\": []\n}"
				}
			]
		},
		{
			"name": "Store",
			"request": {
				"method": "POST",
				"header": [
					{
						"key": "Accept",
						"value": "application/json",
						"type": "text"
					}
				],
				"body": {
					"mode": "raw",
					"raw": "{\r\n    \"name\" : \"Aksesoris\"\r\n}",
					"options": {
						"raw": {
							"language": "json"
						}
					}
				},
				"url": {
					"raw": "{{HOST}}/api/v1/categories",
					"host": [
						"{{HOST}}"
					],
					"path": [
						"api",
						"v1",
						"categories"
					]
				}
			},
			"response": [
				{
					"name": "Success",
					"originalRequest": {
						"method": "POST",
						"header": [
							{
								"key": "Accept",
								"value": "application/json",
								"type": "text"
							}
						],
						"body": {
							"mode": "raw",
							"raw": "{\r\n    \"name\" : \"Konsumsi\"\r\n}",
							"options": {
								"raw": {
									"language": "json"
								}
							}
						},
						"url": {
							"raw": "{{HOST}}/api/v1/categories",
							"host": [
								"{{HOST}}"
							],
							"path": [
								"api",
								"v1",
								"categories"
							]
						}
					},
					"status": "Created",
					"code": 201,
					"_postman_previewlanguage": "json",
					"header": [
						{
							"key": "Date",
							"value": "Wed, 03 Aug 2022 15:40:52 GMT"
						},
						{
							"key": "Server",
							"value": "Apache/2.4.47 (Win64) OpenSSL/1.1.1k PHP/7.4.19"
						},
						{
							"key": "X-Powered-By",
							"value": "PHP/7.4.19"
						},
						{
							"key": "Cache-Control",
							"value": "no-cache, private"
						},
						{
							"key": "X-RateLimit-Limit",
							"value": "60"
						},
						{
							"key": "X-RateLimit-Remaining",
							"value": "59"
						},
						{
							"key": "Access-Control-Allow-Origin",
							"value": "*"
						},
						{
							"key": "Keep-Alive",
							"value": "timeout=5, max=100"
						},
						{
							"key": "Connection",
							"value": "Keep-Alive"
						},
						{
							"key": "Transfer-Encoding",
							"value": "chunked"
						},
						{
							"key": "Content-Type",
							"value": "application/json"
						}
					],
					"cookie": [],
					"body": "{\n    \"message\": \"Success, Create category data!\",\n    \"data\": {\n        \"name\": \"Konsumsi\",\n        \"updated_at\": \"2022-08-03T15:40:52.000000Z\",\n        \"created_at\": \"2022-08-03T15:40:52.000000Z\",\n        \"id\": 1\n    }\n}"
				}
			]
		},
		{
			"name": "Show",
			"request": {
				"method": "GET",
				"header": [],
				"url": {
					"raw": "{{HOST}}/api/v1/categories/3",
					"host": [
						"{{HOST}}"
					],
					"path": [
						"api",
						"v1",
						"categories",
						"3"
					]
				}
			},
			"response": []
		},
		{
			"name": "Edit",
			"request": {
				"method": "GET",
				"header": [],
				"url": {
					"raw": "{{HOST}}/api/v1/categories/1/edit",
					"host": [
						"{{HOST}}"
					],
					"path": [
						"api",
						"v1",
						"categories",
						"1",
						"edit"
					]
				}
			},
			"response": [
				{
					"name": "Success",
					"originalRequest": {
						"method": "GET",
						"header": [],
						"url": {
							"raw": "{{HOST}}/api/v1/categories/1/edit",
							"host": [
								"{{HOST}}"
							],
							"path": [
								"api",
								"v1",
								"categories",
								"1",
								"edit"
							]
						}
					},
					"status": "OK",
					"code": 200,
					"_postman_previewlanguage": "json",
					"header": [
						{
							"key": "Date",
							"value": "Thu, 04 Aug 2022 02:21:04 GMT"
						},
						{
							"key": "Server",
							"value": "Apache/2.4.47 (Win64) OpenSSL/1.1.1k PHP/7.4.19"
						},
						{
							"key": "X-Powered-By",
							"value": "PHP/7.4.19"
						},
						{
							"key": "Cache-Control",
							"value": "no-cache, private"
						},
						{
							"key": "X-RateLimit-Limit",
							"value": "60"
						},
						{
							"key": "X-RateLimit-Remaining",
							"value": "59"
						},
						{
							"key": "Access-Control-Allow-Origin",
							"value": "*"
						},
						{
							"key": "Keep-Alive",
							"value": "timeout=5, max=100"
						},
						{
							"key": "Connection",
							"value": "Keep-Alive"
						},
						{
							"key": "Transfer-Encoding",
							"value": "chunked"
						},
						{
							"key": "Content-Type",
							"value": "application/json"
						}
					],
					"cookie": [],
					"body": "{\n    \"message\": \"Success, Get category data!\",\n    \"data\": {\n        \"id\": 1,\n        \"name\": \"Konsumsi\",\n        \"created_at\": \"2022-08-03T15:40:52.000000Z\",\n        \"updated_at\": \"2022-08-03T15:40:52.000000Z\"\n    }\n}"
				}
			]
		},
		{
			"name": "Update",
			"request": {
				"method": "PUT",
				"header": [
					{
						"key": "Accept",
						"value": "application/json",
						"type": "text"
					}
				],
				"body": {
					"mode": "raw",
					"raw": "{\r\n    \"id\" : 1,\r\n    \"name\" : \"Konsumsi\"\r\n}",
					"options": {
						"raw": {
							"language": "json"
						}
					}
				},
				"url": {
					"raw": "{{HOST}}/api/v1/categories/update",
					"host": [
						"{{HOST}}"
					],
					"path": [
						"api",
						"v1",
						"categories",
						"update"
					]
				}
			},
			"response": [
				{
					"name": "Success",
					"originalRequest": {
						"method": "PUT",
						"header": [
							{
								"key": "Accept",
								"value": "application/json",
								"type": "text"
							}
						],
						"body": {
							"mode": "raw",
							"raw": "{\r\n    \"id\" : 1,\r\n    \"name\" : \"Pembersih\"\r\n}",
							"options": {
								"raw": {
									"language": "json"
								}
							}
						},
						"url": {
							"raw": "{{HOST}}/api/v1/categories/update",
							"host": [
								"{{HOST}}"
							],
							"path": [
								"api",
								"v1",
								"categories",
								"update"
							]
						}
					},
					"status": "OK",
					"code": 200,
					"_postman_previewlanguage": "json",
					"header": [
						{
							"key": "Date",
							"value": "Thu, 04 Aug 2022 02:30:06 GMT"
						},
						{
							"key": "Server",
							"value": "Apache/2.4.47 (Win64) OpenSSL/1.1.1k PHP/7.4.19"
						},
						{
							"key": "X-Powered-By",
							"value": "PHP/7.4.19"
						},
						{
							"key": "Cache-Control",
							"value": "no-cache, private"
						},
						{
							"key": "X-RateLimit-Limit",
							"value": "60"
						},
						{
							"key": "X-RateLimit-Remaining",
							"value": "59"
						},
						{
							"key": "Access-Control-Allow-Origin",
							"value": "*"
						},
						{
							"key": "Keep-Alive",
							"value": "timeout=5, max=100"
						},
						{
							"key": "Connection",
							"value": "Keep-Alive"
						},
						{
							"key": "Transfer-Encoding",
							"value": "chunked"
						},
						{
							"key": "Content-Type",
							"value": "application/json"
						}
					],
					"cookie": [],
					"body": "{\n    \"message\": \"Success, Update category data!\",\n    \"data\": {\n        \"id\": 1,\n        \"name\": \"Pembersih\",\n        \"created_at\": \"2022-08-03T15:40:52.000000Z\",\n        \"updated_at\": \"2022-08-04T02:30:07.000000Z\"\n    }\n}"
				}
			]
		},
		{
			"name": "Delete",
			"request": {
				"method": "DELETE",
				"header": [
					{
						"key": "Accept",
						"value": "application/json",
						"type": "text"
					}
				],
				"body": {
					"mode": "raw",
					"raw": "{\r\n    \"id\" : 4\r\n}",
					"options": {
						"raw": {
							"language": "json"
						}
					}
				},
				"url": {
					"raw": "{{HOST}}/api/v1/categories/destroy",
					"host": [
						"{{HOST}}"
					],
					"path": [
						"api",
						"v1",
						"categories",
						"destroy"
					]
				}
			},
			"response": [
				{
					"name": "Success",
					"originalRequest": {
						"method": "DELETE",
						"header": [
							{
								"key": "Accept",
								"value": "application/json",
								"type": "text"
							}
						],
						"body": {
							"mode": "raw",
							"raw": "{\r\n    \"id\" : 4\r\n}",
							"options": {
								"raw": {
									"language": "json"
								}
							}
						},
						"url": {
							"raw": "{{HOST}}/api/v1/categories/destroy",
							"host": [
								"{{HOST}}"
							],
							"path": [
								"api",
								"v1",
								"categories",
								"destroy"
							]
						}
					},
					"status": "OK",
					"code": 200,
					"_postman_previewlanguage": "json",
					"header": [
						{
							"key": "Date",
							"value": "Thu, 04 Aug 2022 04:56:40 GMT"
						},
						{
							"key": "Server",
							"value": "Apache/2.4.47 (Win64) OpenSSL/1.1.1k PHP/7.4.19"
						},
						{
							"key": "X-Powered-By",
							"value": "PHP/7.4.19"
						},
						{
							"key": "Cache-Control",
							"value": "no-cache, private"
						},
						{
							"key": "X-RateLimit-Limit",
							"value": "60"
						},
						{
							"key": "X-RateLimit-Remaining",
							"value": "58"
						},
						{
							"key": "Access-Control-Allow-Origin",
							"value": "*"
						},
						{
							"key": "Keep-Alive",
							"value": "timeout=5, max=100"
						},
						{
							"key": "Connection",
							"value": "Keep-Alive"
						},
						{
							"key": "Transfer-Encoding",
							"value": "chunked"
						},
						{
							"key": "Content-Type",
							"value": "application/json"
						}
					],
					"cookie": [],
					"body": "{\n    \"message\": \"Success, Category deleted!\"\n}"
				}
			]
		}
	]
}