{
	"info": {
		"_postman_id": "6a630e7d-4849-4ee5-8404-3943ca386314",
		"name": "Filter",
		"schema": "https://schema.getpostman.com/json/collection/v2.1.0/collection.json",
		"_exporter_id": "13585921"
	},
	"item": [
		{
			"name": "Searching",
			"request": {
				"method": "GET",
				"header": []
			},
			"response": [
				{
					"name": "Search by total sales",
					"originalRequest": {
						"method": "GET",
						"header": [],
						"url": {
							"raw": "{{HOST}}/api/v1/transactions?search=10&type=total_sales",
							"host": [
								"{{HOST}}"
							],
							"path": [
								"api",
								"v1",
								"transactions"
							],
							"query": [
								{
									"key": "search",
									"value": "10"
								},
								{
									"key": "type",
									"value": "total_sales"
								}
							]
						}
					},
					"status": "OK",
					"code": 200,
					"_postman_previewlanguage": "json",
					"header": [
						{
							"key": "Date",
							"value": "Thu, 04 Aug 2022 08:40:34 GMT"
						},
						{
							"key": "Server",
							"value": "Apache/2.4.47 (Win64) OpenSSL/1.1.1k PHP/7.4.19"
						},
						{
							"key": "X-Powered-By",
							"value": "PHP/7.4.19"
						},
						{
							"key": "Cache-Control",
							"value": "no-cache, private"
						},
						{
							"key": "X-RateLimit-Limit",
							"value": "60"
						},
						{
							"key": "X-RateLimit-Remaining",
							"value": "59"
						},
						{
							"key": "Access-Control-Allow-Origin",
							"value": "*"
						},
						{
							"key": "Keep-Alive",
							"value": "timeout=5, max=100"
						},
						{
							"key": "Connection",
							"value": "Keep-Alive"
						},
						{
							"key": "Transfer-Encoding",
							"value": "chunked"
						},
						{
							"key": "Content-Type",
							"value": "application/json"
						}
					],
					"cookie": [],
					"body": "{\n    \"message\": \"Success\",\n    \"data\": [\n        {\n            \"id\": 1,\n            \"product_id\": 1,\n            \"product_name\": \"Kopi\",\n            \"total_sales\": 10,\n            \"date\": \"2021-05-01 00:00:00\"\n        }\n    ]\n}"
				},
				{
					"name": "Search by product name",
					"originalRequest": {
						"method": "GET",
						"header": [],
						"url": {
							"raw": "{{HOST}}/api/v1/transactions?search=kop&type=product_name",
							"host": [
								"{{HOST}}"
							],
							"path": [
								"api",
								"v1",
								"transactions"
							],
							"query": [
								{
									"key": "search",
									"value": "kop"
								},
								{
									"key": "type",
									"value": "product_name"
								}
							]
						}
					},
					"status": "OK",
					"code": 200,
					"_postman_previewlanguage": "json",
					"header": [
						{
							"key": "Date",
							"value": "Thu, 04 Aug 2022 08:50:54 GMT"
						},
						{
							"key": "Server",
							"value": "Apache/2.4.47 (Win64) OpenSSL/1.1.1k PHP/7.4.19"
						},
						{
							"key": "X-Powered-By",
							"value": "PHP/7.4.19"
						},
						{
							"key": "Cache-Control",
							"value": "no-cache, private"
						},
						{
							"key": "X-RateLimit-Limit",
							"value": "60"
						},
						{
							"key": "X-RateLimit-Remaining",
							"value": "59"
						},
						{
							"key": "Access-Control-Allow-Origin",
							"value": "*"
						},
						{
							"key": "Keep-Alive",
							"value": "timeout=5, max=100"
						},
						{
							"key": "Connection",
							"value": "Keep-Alive"
						},
						{
							"key": "Transfer-Encoding",
							"value": "chunked"
						},
						{
							"key": "Content-Type",
							"value": "application/json"
						}
					],
					"cookie": [],
					"body": "{\n    \"message\": \"Success\",\n    \"data\": [\n        {\n            \"id\": 1,\n            \"product_id\": 1,\n            \"product_name\": \"Kopi\",\n            \"total_sales\": 10,\n            \"date\": \"2021-05-01 00:00:00\"\n        },\n        {\n            \"id\": 3,\n            \"product_id\": 1,\n            \"product_name\": \"Kopi\",\n            \"total_sales\": 15,\n            \"date\": \"2021-05-10 00:00:00\"\n        }\n    ]\n}"
				},
				{
					"name": "Search by date",
					"originalRequest": {
						"method": "GET",
						"header": [],
						"url": {
							"raw": "{{HOST}}/api/v1/transactions?search=2021-05-01&type=date",
							"host": [
								"{{HOST}}"
							],
							"path": [
								"api",
								"v1",
								"transactions"
							],
							"query": [
								{
									"key": "search",
									"value": "2021-05-01"
								},
								{
									"key": "type",
									"value": "date"
								}
							]
						}
					},
					"status": "OK",
					"code": 200,
					"_postman_previewlanguage": "json",
					"header": [
						{
							"key": "Date",
							"value": "Thu, 04 Aug 2022 09:13:39 GMT"
						},
						{
							"key": "Server",
							"value": "Apache/2.4.47 (Win64) OpenSSL/1.1.1k PHP/7.4.19"
						},
						{
							"key": "X-Powered-By",
							"value": "PHP/7.4.19"
						},
						{
							"key": "Cache-Control",
							"value": "no-cache, private"
						},
						{
							"key": "X-RateLimit-Limit",
							"value": "60"
						},
						{
							"key": "X-RateLimit-Remaining",
							"value": "58"
						},
						{
							"key": "Access-Control-Allow-Origin",
							"value": "*"
						},
						{
							"key": "Keep-Alive",
							"value": "timeout=5, max=100"
						},
						{
							"key": "Connection",
							"value": "Keep-Alive"
						},
						{
							"key": "Transfer-Encoding",
							"value": "chunked"
						},
						{
							"key": "Content-Type",
							"value": "application/json"
						}
					],
					"cookie": [],
					"body": "{\n    \"message\": \"Success\",\n    \"data\": [\n        {\n            \"id\": 1,\n            \"product_id\": 1,\n            \"product_name\": \"Kopi\",\n            \"total_sales\": 10,\n            \"date\": \"2021-05-01 00:00:00\"\n        }\n    ]\n}"
				}
			]
		},
		{
			"name": "Shorting",
			"request": {
				"method": "GET",
				"header": []
			},
			"response": [
				{
					"name": "Shorting by highest sales",
					"originalRequest": {
						"method": "GET",
						"header": [],
						"url": {
							"raw": "{{HOST}}/api/v1/transactions?short=desc",
							"host": [
								"{{HOST}}"
							],
							"path": [
								"api",
								"v1",
								"transactions"
							],
							"query": [
								{
									"key": "short",
									"value": "desc"
								},
								{
									"key": "from",
									"value": "2021-05-01",
									"disabled": true
								},
								{
									"key": "until",
									"value": "2021-05-10",
									"disabled": true
								}
							]
						}
					},
					"status": "OK",
					"code": 200,
					"_postman_previewlanguage": "json",
					"header": [
						{
							"key": "Date",
							"value": "Thu, 04 Aug 2022 09:50:04 GMT"
						},
						{
							"key": "Server",
							"value": "Apache/2.4.47 (Win64) OpenSSL/1.1.1k PHP/7.4.19"
						},
						{
							"key": "X-Powered-By",
							"value": "PHP/7.4.19"
						},
						{
							"key": "Cache-Control",
							"value": "no-cache, private"
						},
						{
							"key": "X-RateLimit-Limit",
							"value": "60"
						},
						{
							"key": "X-RateLimit-Remaining",
							"value": "58"
						},
						{
							"key": "Access-Control-Allow-Origin",
							"value": "*"
						},
						{
							"key": "Keep-Alive",
							"value": "timeout=5, max=100"
						},
						{
							"key": "Connection",
							"value": "Keep-Alive"
						},
						{
							"key": "Transfer-Encoding",
							"value": "chunked"
						},
						{
							"key": "Content-Type",
							"value": "application/json"
						}
					],
					"cookie": [],
					"body": "{\n    \"message\": \"Success\",\n    \"data\": [\n        {\n            \"id\": 5,\n            \"product_id\": 4,\n            \"product_name\": \"Sabun Mandi\",\n            \"total_sales\": 30,\n            \"date\": \"2021-05-11 00:00:00\"\n        },\n        {\n            \"id\": 6,\n            \"product_id\": 5,\n            \"product_name\": \"Sampo\",\n            \"total_sales\": 25,\n            \"date\": \"2021-05-12 00:00:00\"\n        },\n        {\n            \"id\": 4,\n            \"product_id\": 3,\n            \"product_name\": \"Pasta Gigi\",\n            \"total_sales\": 20,\n            \"date\": \"2021-05-11 00:00:00\"\n        },\n        {\n            \"id\": 2,\n            \"product_id\": 2,\n            \"product_name\": \"Teh\",\n            \"total_sales\": 19,\n            \"date\": \"2021-05-05 00:00:00\"\n        },\n        {\n            \"id\": 3,\n            \"product_id\": 1,\n            \"product_name\": \"Kopi\",\n            \"total_sales\": 15,\n            \"date\": \"2021-05-10 00:00:00\"\n        },\n        {\n            \"id\": 1,\n            \"product_id\": 1,\n            \"product_name\": \"Kopi\",\n            \"total_sales\": 10,\n            \"date\": \"2021-05-01 00:00:00\"\n        },\n        {\n            \"id\": 7,\n            \"product_id\": 2,\n            \"product_name\": \"Teh\",\n            \"total_sales\": 5,\n            \"date\": \"2021-05-12 00:00:00\"\n        }\n    ]\n}"
				},
				{
					"name": "Shorting by lowest sales",
					"originalRequest": {
						"method": "GET",
						"header": [],
						"url": {
							"raw": "{{HOST}}/api/v1/transactions?short=asc",
							"host": [
								"{{HOST}}"
							],
							"path": [
								"api",
								"v1",
								"transactions"
							],
							"query": [
								{
									"key": "short",
									"value": "asc"
								},
								{
									"key": "from",
									"value": "2021-05-01",
									"disabled": true
								},
								{
									"key": "until",
									"value": "2021-05-10",
									"disabled": true
								}
							]
						}
					},
					"status": "OK",
					"code": 200,
					"_postman_previewlanguage": "json",
					"header": [
						{
							"key": "Date",
							"value": "Thu, 04 Aug 2022 09:49:31 GMT"
						},
						{
							"key": "Server",
							"value": "Apache/2.4.47 (Win64) OpenSSL/1.1.1k PHP/7.4.19"
						},
						{
							"key": "X-Powered-By",
							"value": "PHP/7.4.19"
						},
						{
							"key": "Cache-Control",
							"value": "no-cache, private"
						},
						{
							"key": "X-RateLimit-Limit",
							"value": "60"
						},
						{
							"key": "X-RateLimit-Remaining",
							"value": "59"
						},
						{
							"key": "Access-Control-Allow-Origin",
							"value": "*"
						},
						{
							"key": "Keep-Alive",
							"value": "timeout=5, max=100"
						},
						{
							"key": "Connection",
							"value": "Keep-Alive"
						},
						{
							"key": "Transfer-Encoding",
							"value": "chunked"
						},
						{
							"key": "Content-Type",
							"value": "application/json"
						}
					],
					"cookie": [],
					"body": "{\n    \"message\": \"Success\",\n    \"data\": [\n        {\n            \"id\": 7,\n            \"product_id\": 2,\n            \"product_name\": \"Teh\",\n            \"total_sales\": 5,\n            \"date\": \"2021-05-12 00:00:00\"\n        },\n        {\n            \"id\": 1,\n            \"product_id\": 1,\n            \"product_name\": \"Kopi\",\n            \"total_sales\": 10,\n            \"date\": \"2021-05-01 00:00:00\"\n        },\n        {\n            \"id\": 3,\n            \"product_id\": 1,\n            \"product_name\": \"Kopi\",\n            \"total_sales\": 15,\n            \"date\": \"2021-05-10 00:00:00\"\n        },\n        {\n            \"id\": 2,\n            \"product_id\": 2,\n            \"product_name\": \"Teh\",\n            \"total_sales\": 19,\n            \"date\": \"2021-05-05 00:00:00\"\n        },\n        {\n            \"id\": 4,\n            \"product_id\": 3,\n            \"product_name\": \"Pasta Gigi\",\n            \"total_sales\": 20,\n            \"date\": \"2021-05-11 00:00:00\"\n        },\n        {\n            \"id\": 6,\n            \"product_id\": 5,\n            \"product_name\": \"Sampo\",\n            \"total_sales\": 25,\n            \"date\": \"2021-05-12 00:00:00\"\n        },\n        {\n            \"id\": 5,\n            \"product_id\": 4,\n            \"product_name\": \"Sabun Mandi\",\n            \"total_sales\": 30,\n            \"date\": \"2021-05-11 00:00:00\"\n        }\n    ]\n}"
				},
				{
					"name": "Shorting by highest sales and date between",
					"originalRequest": {
						"method": "GET",
						"header": [],
						"url": {
							"raw": "{{HOST}}/api/v1/transactions?short=desc&from=2021-05-01&until=2021-05-10",
							"host": [
								"{{HOST}}"
							],
							"path": [
								"api",
								"v1",
								"transactions"
							],
							"query": [
								{
									"key": "short",
									"value": "desc"
								},
								{
									"key": "from",
									"value": "2021-05-01"
								},
								{
									"key": "until",
									"value": "2021-05-10"
								}
							]
						}
					},
					"status": "OK",
					"code": 200,
					"_postman_previewlanguage": "json",
					"header": [
						{
							"key": "Date",
							"value": "Thu, 04 Aug 2022 09:44:58 GMT"
						},
						{
							"key": "Server",
							"value": "Apache/2.4.47 (Win64) OpenSSL/1.1.1k PHP/7.4.19"
						},
						{
							"key": "X-Powered-By",
							"value": "PHP/7.4.19"
						},
						{
							"key": "Cache-Control",
							"value": "no-cache, private"
						},
						{
							"key": "X-RateLimit-Limit",
							"value": "60"
						},
						{
							"key": "X-RateLimit-Remaining",
							"value": "59"
						},
						{
							"key": "Access-Control-Allow-Origin",
							"value": "*"
						},
						{
							"key": "Keep-Alive",
							"value": "timeout=5, max=100"
						},
						{
							"key": "Connection",
							"value": "Keep-Alive"
						},
						{
							"key": "Transfer-Encoding",
							"value": "chunked"
						},
						{
							"key": "Content-Type",
							"value": "application/json"
						}
					],
					"cookie": [],
					"body": "{\n    \"message\": \"Success\",\n    \"data\": [\n        {\n            \"id\": 2,\n            \"product_id\": 2,\n            \"product_name\": \"Teh\",\n            \"total_sales\": 19,\n            \"date\": \"2021-05-05 00:00:00\"\n        },\n        {\n            \"id\": 3,\n            \"product_id\": 1,\n            \"product_name\": \"Kopi\",\n            \"total_sales\": 15,\n            \"date\": \"2021-05-10 00:00:00\"\n        },\n        {\n            \"id\": 1,\n            \"product_id\": 1,\n            \"product_name\": \"Kopi\",\n            \"total_sales\": 10,\n            \"date\": \"2021-05-01 00:00:00\"\n        }\n    ]\n}"
				},
				{
					"name": "Shorting by lowest sales and date between",
					"originalRequest": {
						"method": "GET",
						"header": [],
						"url": {
							"raw": "{{HOST}}/api/v1/transactions?short=asc&from=2021-05-01&until=2021-05-10",
							"host": [
								"{{HOST}}"
							],
							"path": [
								"api",
								"v1",
								"transactions"
							],
							"query": [
								{
									"key": "short",
									"value": "asc"
								},
								{
									"key": "from",
									"value": "2021-05-01"
								},
								{
									"key": "until",
									"value": "2021-05-10"
								}
							]
						}
					},
					"status": "OK",
					"code": 200,
					"_postman_previewlanguage": "json",
					"header": [
						{
							"key": "Date",
							"value": "Thu, 04 Aug 2022 09:48:23 GMT"
						},
						{
							"key": "Server",
							"value": "Apache/2.4.47 (Win64) OpenSSL/1.1.1k PHP/7.4.19"
						},
						{
							"key": "X-Powered-By",
							"value": "PHP/7.4.19"
						},
						{
							"key": "Cache-Control",
							"value": "no-cache, private"
						},
						{
							"key": "X-RateLimit-Limit",
							"value": "60"
						},
						{
							"key": "X-RateLimit-Remaining",
							"value": "59"
						},
						{
							"key": "Access-Control-Allow-Origin",
							"value": "*"
						},
						{
							"key": "Keep-Alive",
							"value": "timeout=5, max=100"
						},
						{
							"key": "Connection",
							"value": "Keep-Alive"
						},
						{
							"key": "Transfer-Encoding",
							"value": "chunked"
						},
						{
							"key": "Content-Type",
							"value": "application/json"
						}
					],
					"cookie": [],
					"body": "{\n    \"message\": \"Success\",\n    \"data\": [\n        {\n            \"id\": 1,\n            \"product_id\": 1,\n            \"product_name\": \"Kopi\",\n            \"total_sales\": 10,\n            \"date\": \"2021-05-01 00:00:00\"\n        },\n        {\n            \"id\": 3,\n            \"product_id\": 1,\n            \"product_name\": \"Kopi\",\n            \"total_sales\": 15,\n            \"date\": \"2021-05-10 00:00:00\"\n        },\n        {\n            \"id\": 2,\n            \"product_id\": 2,\n            \"product_name\": \"Teh\",\n            \"total_sales\": 19,\n            \"date\": \"2021-05-05 00:00:00\"\n        }\n    ]\n}"
				}
			]
		}
	]
}