{
	"info": {
		"_postman_id": "108738c8-3584-4f64-ba16-c599db326601",
		"name": "Product",
		"schema": "https://schema.getpostman.com/json/collection/v2.1.0/collection.json",
		"_exporter_id": "13585921"
	},
	"item": [
		{
			"name": "Index",
			"request": {
				"method": "GET",
				"header": [],
				"url": {
					"raw": "{{HOST}}/api/v1/products",
					"host": [
						"{{HOST}}"
					],
					"path": [
						"api",
						"v1",
						"products"
					]
				}
			},
			"response": [
				{
					"name": "Success",
					"originalRequest": {
						"method": "GET",
						"header": [],
						"url": {
							"raw": "{{HOST}}/api/v1/products",
							"host": [
								"{{HOST}}"
							],
							"path": [
								"api",
								"v1",
								"products"
							]
						}
					},
					"status": "OK",
					"code": 200,
					"_postman_previewlanguage": "json",
					"header": [
						{
							"key": "Date",
							"value": "Thu, 04 Aug 2022 04:40:07 GMT"
						},
						{
							"key": "Server",
							"value": "Apache/2.4.47 (Win64) OpenSSL/1.1.1k PHP/7.4.19"
						},
						{
							"key": "X-Powered-By",
							"value": "PHP/7.4.19"
						},
						{
							"key": "Cache-Control",
							"value": "no-cache, private"
						},
						{
							"key": "X-RateLimit-Limit",
							"value": "60"
						},
						{
							"key": "X-RateLimit-Remaining",
							"value": "57"
						},
						{
							"key": "Access-Control-Allow-Origin",
							"value": "*"
						},
						{
							"key": "Keep-Alive",
							"value": "timeout=5, max=100"
						},
						{
							"key": "Connection",
							"value": "Keep-Alive"
						},
						{
							"key": "Transfer-Encoding",
							"value": "chunked"
						},
						{
							"key": "Content-Type",
							"value": "application/json"
						}
					],
					"cookie": [],
					"body": "{\n    \"message\": \"Success\",\n    \"data\": [\n        {\n            \"id\": 1,\n            \"name\": \"Kopi\",\n            \"category_id\": 1,\n            \"category_name\": \"Konsumsi\",\n            \"stock\": 100\n        }\n    ]\n}"
				}
			]
		},
		{
			"name": "Store",
			"request": {
				"method": "POST",
				"header": [
					{
						"key": "Accept",
						"value": "application/json",
						"type": "text"
					}
				],
				"body": {
					"mode": "raw",
					"raw": "{\r\n    \"category_id\" : 2,\r\n    \"name\" : \"Odol\",\r\n    \"stock\" : 300\r\n}",
					"options": {
						"raw": {
							"language": "json"
						}
					}
				},
				"url": {
					"raw": "{{HOST}}/api/v1/products",
					"host": [
						"{{HOST}}"
					],
					"path": [
						"api",
						"v1",
						"products"
					]
				}
			},
			"response": [
				{
					"name": "Success",
					"originalRequest": {
						"method": "POST",
						"header": [
							{
								"key": "Accept",
								"value": "application/json",
								"type": "text"
							}
						],
						"body": {
							"mode": "raw",
							"raw": "{\r\n    \"category_id\" : 1,\r\n    \"name\" : \"Kopi\",\r\n    \"stock\" : 100\r\n}",
							"options": {
								"raw": {
									"language": "json"
								}
							}
						},
						"url": {
							"raw": "{{HOST}}/api/v1/products",
							"host": [
								"{{HOST}}"
							],
							"path": [
								"api",
								"v1",
								"products"
							]
						}
					},
					"status": "Created",
					"code": 201,
					"_postman_previewlanguage": "json",
					"header": [
						{
							"key": "Date",
							"value": "Thu, 04 Aug 2022 04:21:37 GMT"
						},
						{
							"key": "Server",
							"value": "Apache/2.4.47 (Win64) OpenSSL/1.1.1k PHP/7.4.19"
						},
						{
							"key": "X-Powered-By",
							"value": "PHP/7.4.19"
						},
						{
							"key": "Cache-Control",
							"value": "no-cache, private"
						},
						{
							"key": "X-RateLimit-Limit",
							"value": "60"
						},
						{
							"key": "X-RateLimit-Remaining",
							"value": "59"
						},
						{
							"key": "Access-Control-Allow-Origin",
							"value": "*"
						},
						{
							"key": "Keep-Alive",
							"value": "timeout=5, max=100"
						},
						{
							"key": "Connection",
							"value": "Keep-Alive"
						},
						{
							"key": "Transfer-Encoding",
							"value": "chunked"
						},
						{
							"key": "Content-Type",
							"value": "application/json"
						}
					],
					"cookie": [],
					"body": "{\n    \"message\": \"Success, Create product data!\",\n    \"data\": {\n        \"category_id\": 1,\n        \"name\": \"Kopi\",\n        \"stock\": 100,\n        \"updated_at\": \"2022-08-04T04:21:37.000000Z\",\n        \"created_at\": \"2022-08-04T04:21:37.000000Z\",\n        \"id\": 1\n    }\n}"
				}
			]
		},
		{
			"name": "Show",
			"request": {
				"method": "GET",
				"header": [],
				"url": {
					"raw": "{{HOST}}/api/v1/products/1",
					"host": [
						"{{HOST}}"
					],
					"path": [
						"api",
						"v1",
						"products",
						"1"
					]
				}
			},
			"response": [
				{
					"name": "Success",
					"originalRequest": {
						"method": "GET",
						"header": [],
						"url": {
							"raw": "{{HOST}}/api/v1/products/1",
							"host": [
								"{{HOST}}"
							],
							"path": [
								"api",
								"v1",
								"products",
								"1"
							]
						}
					},
					"status": "OK",
					"code": 200,
					"_postman_previewlanguage": "json",
					"header": [
						{
							"key": "Date",
							"value": "Thu, 04 Aug 2022 04:34:29 GMT"
						},
						{
							"key": "Server",
							"value": "Apache/2.4.47 (Win64) OpenSSL/1.1.1k PHP/7.4.19"
						},
						{
							"key": "X-Powered-By",
							"value": "PHP/7.4.19"
						},
						{
							"key": "Cache-Control",
							"value": "no-cache, private"
						},
						{
							"key": "X-RateLimit-Limit",
							"value": "60"
						},
						{
							"key": "X-RateLimit-Remaining",
							"value": "59"
						},
						{
							"key": "Access-Control-Allow-Origin",
							"value": "*"
						},
						{
							"key": "Keep-Alive",
							"value": "timeout=5, max=100"
						},
						{
							"key": "Connection",
							"value": "Keep-Alive"
						},
						{
							"key": "Transfer-Encoding",
							"value": "chunked"
						},
						{
							"key": "Content-Type",
							"value": "application/json"
						}
					],
					"cookie": [],
					"body": "{\n    \"message\": \"Success, Show product data!\",\n    \"data\": {\n        \"id\": 1,\n        \"name\": \"Kopi\",\n        \"category_id\": 1,\n        \"category_name\": \"Konsumsi\",\n        \"stock\": 100\n    }\n}"
				}
			]
		},
		{
			"name": "Edit",
			"request": {
				"method": "GET",
				"header": [],
				"url": {
					"raw": "{{HOST}}/api/v1/products/1/edit",
					"host": [
						"{{HOST}}"
					],
					"path": [
						"api",
						"v1",
						"products",
						"1",
						"edit"
					]
				}
			},
			"response": [
				{
					"name": "Success",
					"originalRequest": {
						"method": "GET",
						"header": [],
						"url": {
							"raw": "{{HOST}}/api/v1/products/1/edit",
							"host": [
								"{{HOST}}"
							],
							"path": [
								"api",
								"v1",
								"products",
								"1",
								"edit"
							]
						}
					},
					"status": "OK",
					"code": 200,
					"_postman_previewlanguage": "json",
					"header": [
						{
							"key": "Date",
							"value": "Thu, 04 Aug 2022 04:36:12 GMT"
						},
						{
							"key": "Server",
							"value": "Apache/2.4.47 (Win64) OpenSSL/1.1.1k PHP/7.4.19"
						},
						{
							"key": "X-Powered-By",
							"value": "PHP/7.4.19"
						},
						{
							"key": "Cache-Control",
							"value": "no-cache, private"
						},
						{
							"key": "X-RateLimit-Limit",
							"value": "60"
						},
						{
							"key": "X-RateLimit-Remaining",
							"value": "59"
						},
						{
							"key": "Access-Control-Allow-Origin",
							"value": "*"
						},
						{
							"key": "Keep-Alive",
							"value": "timeout=5, max=100"
						},
						{
							"key": "Connection",
							"value": "Keep-Alive"
						},
						{
							"key": "Transfer-Encoding",
							"value": "chunked"
						},
						{
							"key": "Content-Type",
							"value": "application/json"
						}
					],
					"cookie": [],
					"body": "{\n    \"message\": \"Success, Get product data!\",\n    \"data\": {\n        \"id\": 1,\n        \"name\": \"Kopi\",\n        \"category_id\": 1,\n        \"category_name\": \"Konsumsi\",\n        \"stock\": 100\n    }\n}"
				}
			]
		},
		{
			"name": "Update",
			"request": {
				"method": "PUT",
				"header": [
					{
						"key": "Accept",
						"value": "application/json",
						"type": "text"
					}
				],
				"body": {
					"mode": "raw",
					"raw": "{\r\n    \"id\" : 2,\r\n    \"category_id\" : 1,\r\n    \"name\" : \"Teh\",\r\n    \"stock\" : 81\r\n}",
					"options": {
						"raw": {
							"language": "json"
						}
					}
				},
				"url": {
					"raw": "{{HOST}}/api/v1/products/update",
					"host": [
						"{{HOST}}"
					],
					"path": [
						"api",
						"v1",
						"products",
						"update"
					]
				}
			},
			"response": [
				{
					"name": "Success",
					"originalRequest": {
						"method": "PUT",
						"header": [
							{
								"key": "Accept",
								"value": "application/json",
								"type": "text"
							}
						],
						"body": {
							"mode": "raw",
							"raw": "{\r\n    \"id\" : 1,\r\n    \"category_id\" : 1,\r\n    \"name\" : \"Kopi\",\r\n    \"stock\" : 100\r\n}",
							"options": {
								"raw": {
									"language": "json"
								}
							}
						},
						"url": {
							"raw": "{{HOST}}/api/v1/products/update",
							"host": [
								"{{HOST}}"
							],
							"path": [
								"api",
								"v1",
								"products",
								"update"
							]
						}
					},
					"status": "OK",
					"code": 200,
					"_postman_previewlanguage": "json",
					"header": [
						{
							"key": "Date",
							"value": "Thu, 04 Aug 2022 04:40:01 GMT"
						},
						{
							"key": "Server",
							"value": "Apache/2.4.47 (Win64) OpenSSL/1.1.1k PHP/7.4.19"
						},
						{
							"key": "X-Powered-By",
							"value": "PHP/7.4.19"
						},
						{
							"key": "Cache-Control",
							"value": "no-cache, private"
						},
						{
							"key": "X-RateLimit-Limit",
							"value": "60"
						},
						{
							"key": "X-RateLimit-Remaining",
							"value": "58"
						},
						{
							"key": "Access-Control-Allow-Origin",
							"value": "*"
						},
						{
							"key": "Keep-Alive",
							"value": "timeout=5, max=100"
						},
						{
							"key": "Connection",
							"value": "Keep-Alive"
						},
						{
							"key": "Transfer-Encoding",
							"value": "chunked"
						},
						{
							"key": "Content-Type",
							"value": "application/json"
						}
					],
					"cookie": [],
					"body": "{\n    \"message\": \"Success, Update product data!\",\n    \"data\": {\n        \"id\": 1,\n        \"category_id\": 1,\n        \"name\": \"Kopi\",\n        \"stock\": 100,\n        \"created_at\": \"2022-08-04T04:21:37.000000Z\",\n        \"updated_at\": \"2022-08-04T04:40:01.000000Z\"\n    }\n}"
				}
			]
		},
		{
			"name": "Delete",
			"request": {
				"method": "DELETE",
				"header": [
					{
						"key": "Accept",
						"value": "application/json",
						"type": "text"
					}
				],
				"body": {
					"mode": "raw",
					"raw": "{\r\n    \"id\" : 7\r\n}",
					"options": {
						"raw": {
							"language": "json"
						}
					}
				},
				"url": {
					"raw": "{{HOST}}/api/v1/products/destroy",
					"host": [
						"{{HOST}}"
					],
					"path": [
						"api",
						"v1",
						"products",
						"destroy"
					]
				}
			},
			"response": [
				{
					"name": "Success",
					"originalRequest": {
						"method": "DELETE",
						"header": [
							{
								"key": "Accept",
								"value": "application/json",
								"type": "text"
							}
						],
						"body": {
							"mode": "raw",
							"raw": "{\r\n    \"id\" : 7\r\n}",
							"options": {
								"raw": {
									"language": "json"
								}
							}
						},
						"url": {
							"raw": "{{HOST}}/api/v1/products/destroy",
							"host": [
								"{{HOST}}"
							],
							"path": [
								"api",
								"v1",
								"products",
								"destroy"
							]
						}
					},
					"status": "OK",
					"code": 200,
					"_postman_previewlanguage": "json",
					"header": [
						{
							"key": "Date",
							"value": "Thu, 04 Aug 2022 04:57:23 GMT"
						},
						{
							"key": "Server",
							"value": "Apache/2.4.47 (Win64) OpenSSL/1.1.1k PHP/7.4.19"
						},
						{
							"key": "X-Powered-By",
							"value": "PHP/7.4.19"
						},
						{
							"key": "Cache-Control",
							"value": "no-cache, private"
						},
						{
							"key": "X-RateLimit-Limit",
							"value": "60"
						},
						{
							"key": "X-RateLimit-Remaining",
							"value": "59"
						},
						{
							"key": "Access-Control-Allow-Origin",
							"value": "*"
						},
						{
							"key": "Keep-Alive",
							"value": "timeout=5, max=100"
						},
						{
							"key": "Connection",
							"value": "Keep-Alive"
						},
						{
							"key": "Transfer-Encoding",
							"value": "chunked"
						},
						{
							"key": "Content-Type",
							"value": "application/json"
						}
					],
					"cookie": [],
					"body": "{\n    \"message\": \"Success, Product deleted!\"\n}"
				}
			]
		}
	]
}