{
	"info": {
		"_postman_id": "d96a1666-fce1-41dc-86cf-b5b8bca5e168",
		"name": "Transaction",
		"schema": "https://schema.getpostman.com/json/collection/v2.1.0/collection.json",
		"_exporter_id": "13585921"
	},
	"item": [
		{
			"name": "Index",
			"request": {
				"method": "GET",
				"header": [],
				"url": {
					"raw": "{{HOST}}/api/v1/transactions",
					"host": [
						"{{HOST}}"
					],
					"path": [
						"api",
						"v1",
						"transactions"
					]
				}
			},
			"response": [
				{
					"name": "Success",
					"originalRequest": {
						"method": "GET",
						"header": [],
						"url": {
							"raw": "{{HOST}}/api/v1/transactions",
							"host": [
								"{{HOST}}"
							],
							"path": [
								"api",
								"v1",
								"transactions"
							]
						}
					},
					"status": "OK",
					"code": 200,
					"_postman_previewlanguage": "json",
					"header": [
						{
							"key": "Date",
							"value": "Thu, 04 Aug 2022 06:59:39 GMT"
						},
						{
							"key": "Server",
							"value": "Apache/2.4.47 (Win64) OpenSSL/1.1.1k PHP/7.4.19"
						},
						{
							"key": "X-Powered-By",
							"value": "PHP/7.4.19"
						},
						{
							"key": "Cache-Control",
							"value": "no-cache, private"
						},
						{
							"key": "X-RateLimit-Limit",
							"value": "60"
						},
						{
							"key": "X-RateLimit-Remaining",
							"value": "57"
						},
						{
							"key": "Access-Control-Allow-Origin",
							"value": "*"
						},
						{
							"key": "Keep-Alive",
							"value": "timeout=5, max=100"
						},
						{
							"key": "Connection",
							"value": "Keep-Alive"
						},
						{
							"key": "Transfer-Encoding",
							"value": "chunked"
						},
						{
							"key": "Content-Type",
							"value": "application/json"
						}
					],
					"cookie": [],
					"body": "{\n    \"message\": \"Success\",\n    \"data\": [\n        {\n            \"id\": 1,\n            \"product_id\": 1,\n            \"product_name\": \"Kopi\",\n            \"total_sales\": 10,\n            \"date\": \"2021-05-01 00:00:00\"\n        },\n        {\n            \"id\": 2,\n            \"product_id\": 2,\n            \"product_name\": \"Teh\",\n            \"total_sales\": 19,\n            \"date\": \"2021-05-05 00:00:00\"\n        },\n        {\n            \"id\": 3,\n            \"product_id\": 1,\n            \"product_name\": \"Kopi\",\n            \"total_sales\": 15,\n            \"date\": \"2021-05-10 00:00:00\"\n        },\n        {\n            \"id\": 4,\n            \"product_id\": 3,\n            \"product_name\": \"Pasta Gigi\",\n            \"total_sales\": 20,\n            \"date\": \"2021-05-11 00:00:00\"\n        },\n        {\n            \"id\": 5,\n            \"product_id\": 4,\n            \"product_name\": \"Sabun Mandi\",\n            \"total_sales\": 30,\n            \"date\": \"2021-05-11 00:00:00\"\n        },\n        {\n            \"id\": 6,\n            \"product_id\": 5,\n            \"product_name\": \"Sampo\",\n            \"total_sales\": 25,\n            \"date\": \"2021-05-12 00:00:00\"\n        },\n        {\n            \"id\": 7,\n            \"product_id\": 2,\n            \"product_name\": \"Teh\",\n            \"total_sales\": 5,\n            \"date\": \"2021-05-12 00:00:00\"\n        }\n    ]\n}"
				}
			]
		},
		{
			"name": "Store",
			"request": {
				"method": "POST",
				"header": [
					{
						"key": "Accept",
						"value": "application/json",
						"type": "text"
					}
				],
				"body": {
					"mode": "raw",
					"raw": "{\r\n    \"product_id\" : 2,\r\n    \"total_sales\" : 50,\r\n    \"date\" : \"2022-08-04 00:00:00\"\r\n}",
					"options": {
						"raw": {
							"language": "json"
						}
					}
				},
				"url": {
					"raw": "{{HOST}}/api/v1/transactions",
					"host": [
						"{{HOST}}"
					],
					"path": [
						"api",
						"v1",
						"transactions"
					]
				}
			},
			"response": [
				{
					"name": "Success",
					"originalRequest": {
						"method": "POST",
						"header": [
							{
								"key": "Accept",
								"value": "application/json",
								"type": "text"
							}
						],
						"body": {
							"mode": "raw",
							"raw": "{\r\n    \"product_id\" : 1,\r\n    \"total_sales\" : 10,\r\n    \"date\" : \"2021-05-01 00:00:00\"\r\n}",
							"options": {
								"raw": {
									"language": "json"
								}
							}
						},
						"url": {
							"raw": "{{HOST}}/api/v1/transactions",
							"host": [
								"{{HOST}}"
							],
							"path": [
								"api",
								"v1",
								"transactions"
							]
						}
					},
					"status": "Created",
					"code": 201,
					"_postman_previewlanguage": "json",
					"header": [
						{
							"key": "Date",
							"value": "Thu, 04 Aug 2022 05:15:13 GMT"
						},
						{
							"key": "Server",
							"value": "Apache/2.4.47 (Win64) OpenSSL/1.1.1k PHP/7.4.19"
						},
						{
							"key": "X-Powered-By",
							"value": "PHP/7.4.19"
						},
						{
							"key": "Cache-Control",
							"value": "no-cache, private"
						},
						{
							"key": "X-RateLimit-Limit",
							"value": "60"
						},
						{
							"key": "X-RateLimit-Remaining",
							"value": "59"
						},
						{
							"key": "Access-Control-Allow-Origin",
							"value": "*"
						},
						{
							"key": "Keep-Alive",
							"value": "timeout=5, max=100"
						},
						{
							"key": "Connection",
							"value": "Keep-Alive"
						},
						{
							"key": "Transfer-Encoding",
							"value": "chunked"
						},
						{
							"key": "Content-Type",
							"value": "application/json"
						}
					],
					"cookie": [],
					"body": "{\n    \"message\": \"Success, Create transaction data!\",\n    \"data\": {\n        \"product_id\": 1,\n        \"total_sales\": 10,\n        \"date\": \"2021-05-01 00:00:00\",\n        \"updated_at\": \"2022-08-04T05:15:13.000000Z\",\n        \"created_at\": \"2022-08-04T05:15:13.000000Z\",\n        \"id\": 1\n    }\n}"
				}
			]
		},
		{
			"name": "Show",
			"request": {
				"method": "GET",
				"header": [],
				"url": {
					"raw": "{{HOST}}/api/v1/transactions/1",
					"host": [
						"{{HOST}}"
					],
					"path": [
						"api",
						"v1",
						"transactions",
						"1"
					]
				}
			},
			"response": [
				{
					"name": "Success",
					"originalRequest": {
						"method": "GET",
						"header": [],
						"url": {
							"raw": "{{HOST}}/api/v1/transactions/1",
							"host": [
								"{{HOST}}"
							],
							"path": [
								"api",
								"v1",
								"transactions",
								"1"
							]
						}
					},
					"status": "OK",
					"code": 200,
					"_postman_previewlanguage": "json",
					"header": [
						{
							"key": "Date",
							"value": "Thu, 04 Aug 2022 06:48:05 GMT"
						},
						{
							"key": "Server",
							"value": "Apache/2.4.47 (Win64) OpenSSL/1.1.1k PHP/7.4.19"
						},
						{
							"key": "X-Powered-By",
							"value": "PHP/7.4.19"
						},
						{
							"key": "Cache-Control",
							"value": "no-cache, private"
						},
						{
							"key": "X-RateLimit-Limit",
							"value": "60"
						},
						{
							"key": "X-RateLimit-Remaining",
							"value": "59"
						},
						{
							"key": "Access-Control-Allow-Origin",
							"value": "*"
						},
						{
							"key": "Keep-Alive",
							"value": "timeout=5, max=100"
						},
						{
							"key": "Connection",
							"value": "Keep-Alive"
						},
						{
							"key": "Transfer-Encoding",
							"value": "chunked"
						},
						{
							"key": "Content-Type",
							"value": "application/json"
						}
					],
					"cookie": [],
					"body": "{\n    \"message\": \"Success, Show transaction data!\",\n    \"data\": {\n        \"id\": 1,\n        \"product_id\": 1,\n        \"product_name\": \"Kopi\",\n        \"total_sales\": 10,\n        \"date\": \"2021-05-01 00:00:00\"\n    }\n}"
				}
			]
		},
		{
			"name": "Edit",
			"request": {
				"method": "GET",
				"header": [],
				"url": {
					"raw": "{{HOST}}/api/v1/transactions/1/edit",
					"host": [
						"{{HOST}}"
					],
					"path": [
						"api",
						"v1",
						"transactions",
						"1",
						"edit"
					]
				}
			},
			"response": [
				{
					"name": "Success",
					"originalRequest": {
						"method": "GET",
						"header": [],
						"url": {
							"raw": "{{HOST}}/api/v1/transactions/1/edit",
							"host": [
								"{{HOST}}"
							],
							"path": [
								"api",
								"v1",
								"transactions",
								"1",
								"edit"
							]
						}
					},
					"status": "OK",
					"code": 200,
					"_postman_previewlanguage": "json",
					"header": [
						{
							"key": "Date",
							"value": "Thu, 04 Aug 2022 06:51:22 GMT"
						},
						{
							"key": "Server",
							"value": "Apache/2.4.47 (Win64) OpenSSL/1.1.1k PHP/7.4.19"
						},
						{
							"key": "X-Powered-By",
							"value": "PHP/7.4.19"
						},
						{
							"key": "Cache-Control",
							"value": "no-cache, private"
						},
						{
							"key": "X-RateLimit-Limit",
							"value": "60"
						},
						{
							"key": "X-RateLimit-Remaining",
							"value": "59"
						},
						{
							"key": "Access-Control-Allow-Origin",
							"value": "*"
						},
						{
							"key": "Keep-Alive",
							"value": "timeout=5, max=100"
						},
						{
							"key": "Connection",
							"value": "Keep-Alive"
						},
						{
							"key": "Transfer-Encoding",
							"value": "chunked"
						},
						{
							"key": "Content-Type",
							"value": "application/json"
						}
					],
					"cookie": [],
					"body": "{\n    \"message\": \"Success, Get transaction data!\",\n    \"data\": {\n        \"id\": 1,\n        \"product_id\": 1,\n        \"total_sales\": 10,\n        \"date\": \"2021-05-01 00:00:00\",\n        \"created_at\": \"2022-08-04T05:15:13.000000Z\",\n        \"updated_at\": \"2022-08-04T05:15:13.000000Z\"\n    }\n}"
				}
			]
		},
		{
			"name": "Update",
			"request": {
				"method": "PUT",
				"header": [
					{
						"key": "Accept",
						"value": "application/json",
						"type": "text"
					}
				],
				"body": {
					"mode": "raw",
					"raw": "{\r\n    \"id\" : 1,\r\n    \"product_id\" : 1,\r\n    \"total_sales\" : 10,\r\n    \"date\" : \"2021-05-01 00:00:00\"\r\n}",
					"options": {
						"raw": {
							"language": "json"
						}
					}
				},
				"url": {
					"raw": "{{HOST}}/api/v1/transactions/update",
					"host": [
						"{{HOST}}"
					],
					"path": [
						"api",
						"v1",
						"transactions",
						"update"
					]
				}
			},
			"response": [
				{
					"name": "Success",
					"originalRequest": {
						"method": "PUT",
						"header": [
							{
								"key": "Accept",
								"value": "application/json",
								"type": "text"
							}
						],
						"body": {
							"mode": "raw",
							"raw": "{\r\n    \"id\" : 1,\r\n    \"product_id\" : 2,\r\n    \"total_sales\" : 20,\r\n    \"date\" : \"2021-05-01 00:00:00\"\r\n}",
							"options": {
								"raw": {
									"language": "json"
								}
							}
						},
						"url": {
							"raw": "{{HOST}}/api/v1/transactions/update",
							"host": [
								"{{HOST}}"
							],
							"path": [
								"api",
								"v1",
								"transactions",
								"update"
							]
						}
					},
					"status": "OK",
					"code": 200,
					"_postman_previewlanguage": "json",
					"header": [
						{
							"key": "Date",
							"value": "Thu, 04 Aug 2022 06:53:48 GMT"
						},
						{
							"key": "Server",
							"value": "Apache/2.4.47 (Win64) OpenSSL/1.1.1k PHP/7.4.19"
						},
						{
							"key": "X-Powered-By",
							"value": "PHP/7.4.19"
						},
						{
							"key": "Cache-Control",
							"value": "no-cache, private"
						},
						{
							"key": "X-RateLimit-Limit",
							"value": "60"
						},
						{
							"key": "X-RateLimit-Remaining",
							"value": "59"
						},
						{
							"key": "Access-Control-Allow-Origin",
							"value": "*"
						},
						{
							"key": "Keep-Alive",
							"value": "timeout=5, max=100"
						},
						{
							"key": "Connection",
							"value": "Keep-Alive"
						},
						{
							"key": "Transfer-Encoding",
							"value": "chunked"
						},
						{
							"key": "Content-Type",
							"value": "application/json"
						}
					],
					"cookie": [],
					"body": "{\n    \"message\": \"Success, Update transaction data!\",\n    \"data\": {\n        \"id\": 1,\n        \"product_id\": 2,\n        \"total_sales\": 20,\n        \"date\": \"2021-05-01 00:00:00\",\n        \"created_at\": \"2022-08-04T05:15:13.000000Z\",\n        \"updated_at\": \"2022-08-04T06:53:48.000000Z\"\n    }\n}"
				}
			]
		},
		{
			"name": "Delete",
			"request": {
				"method": "DELETE",
				"header": [
					{
						"key": "Accept",
						"value": "application/json",
						"type": "text"
					}
				],
				"body": {
					"mode": "raw",
					"raw": "{\r\n    \"id\" : 8\r\n}",
					"options": {
						"raw": {
							"language": "json"
						}
					}
				},
				"url": {
					"raw": "{{HOST}}/api/v1/transactions/destroy",
					"host": [
						"{{HOST}}"
					],
					"path": [
						"api",
						"v1",
						"transactions",
						"destroy"
					]
				}
			},
			"response": [
				{
					"name": "Success",
					"originalRequest": {
						"method": "DELETE",
						"header": [
							{
								"key": "Accept",
								"value": "application/json",
								"type": "text"
							}
						],
						"body": {
							"mode": "raw",
							"raw": "{\r\n    \"id\" : 8\r\n}",
							"options": {
								"raw": {
									"language": "json"
								}
							}
						},
						"url": {
							"raw": "{{HOST}}/api/v1/transactions/destroy",
							"host": [
								"{{HOST}}"
							],
							"path": [
								"api",
								"v1",
								"transactions",
								"destroy"
							]
						}
					},
					"status": "OK",
					"code": 200,
					"_postman_previewlanguage": "json",
					"header": [
						{
							"key": "Date",
							"value": "Thu, 04 Aug 2022 08:00:05 GMT"
						},
						{
							"key": "Server",
							"value": "Apache/2.4.47 (Win64) OpenSSL/1.1.1k PHP/7.4.19"
						},
						{
							"key": "X-Powered-By",
							"value": "PHP/7.4.19"
						},
						{
							"key": "Cache-Control",
							"value": "no-cache, private"
						},
						{
							"key": "X-RateLimit-Limit",
							"value": "60"
						},
						{
							"key": "X-RateLimit-Remaining",
							"value": "59"
						},
						{
							"key": "Access-Control-Allow-Origin",
							"value": "*"
						},
						{
							"key": "Keep-Alive",
							"value": "timeout=5, max=100"
						},
						{
							"key": "Connection",
							"value": "Keep-Alive"
						},
						{
							"key": "Transfer-Encoding",
							"value": "chunked"
						},
						{
							"key": "Content-Type",
							"value": "application/json"
						}
					],
					"cookie": [],
					"body": "{\n    \"message\": \"Success, Transaction deleted!\"\n}"
				}
			]
		}
	]
}